{
    "handsome": 1.7598484848484852,
    "sweet": 1.6507246376811588,
    "cute": 1.514285714285714,
    "sexy": 1.4514388489208627,
    "tidy": 1.2656842105263157,
    "gorgeous": 1.2423236514522815,
    "capable": 1.1839080459770113,
    "energetic": 1.0371212121212119,
    "clean": 1.0055755395683459,
    "elegant": 1.0035989717223643,
    "good body proportion": 0.8219780219780222,
    "color matched": 0.790322580645161,
    "good fabric": 0.7430317848410762,
    "cool": 0.7155660377358489,
    "simple": 0.7002421307506049,
    "color match": 0.5428571428571427,
    "fit": 0.3851851851851855,
    "good mood": 0.34741784037558726,
    "not fit": -0.3784313725490197,
    "old fashioned": -0.6000000000000003,
    "boring": -0.7508771929824566,
    "bad body proportion": -0.7830985915492958,
    "bloated": -0.92991452991453,
    "bad fabric": -1.083783783783784,
    "messy hair": -1.1250000000000004,
    "bad mood": -1.1604651162790702,
    "overdressed": -1.2372093023255815,
    "cluttered": -1.3434782608695657,
    "wrinkled": -1.4179104477611941,
    "sloppy": -1.5910179640718565,
    "oversatuated": -1.6218446601941747,
    "sissy": -1.6739130434782612,
    "ugly": -1.7576419213973802,
    "messy": -1.7720125786163519,
    "disgusting": -1.8384615384615384,
    "heavy makeup": -1.9843749999999998,
    "color mismatch": -2.033333333333333,
    "dirty": -2.1177304964539005
}